{
  "index": {
    "mean": [
      303.0
    ],
    "std": [
      175.22556891047608
    ],
    "min": [
      0.0
    ],
    "max": [
      606.0
    ]
  },
  "episode_index": {
    "mean": [
      0.0
    ],
    "std": [
      0.0
    ],
    "min": [
      0.0
    ],
    "max": [
      0.0
    ]
  },
  "frame_index": {
    "mean": [
      303.0
    ],
    "std": [
      175.22556891047608
    ],
    "min": [
      0.0
    ],
    "max": [
      606.0
    ]
  },
  "timestamp": {
    "mean": [
      10.100000004442117
    ],
    "std": [
      5.840852304429196
    ],
    "min": [
      0.0
    ],
    "max": [
      20.200000762939453
    ]
  },
  "task_index": {
    "mean": [
      0.0
    ],
    "std": [
      0.0
    ],
    "min": [
      0.0
    ],
    "max": [
      0.0
    ]
  },
  "is_first": {
    "mean": [
      0.0016474464579901153
    ],
    "std": [
      0.040555300247417374
    ],
    "min": [
      0.0
    ],
    "max": [
      1.0
    ]
  },
  "is_last": {
    "mean": [
      0.0016474464579901153
    ],
    "std": [
      0.04055530024741737
    ],
    "min": [
      0.0
    ],
    "max": [
      1.0
    ]
  },
  "is_terminal": {
    "mean": [
      0.0016474464579901153
    ],
    "std": [
      0.04055530024741737
    ],
    "min": [
      0.0
    ],
    "max": [
      1.0
    ]
  },
  "annotation.grasping": {
    "mean": [
      0.14497528830313014
    ],
    "std": [
      0.3520759209099004
    ],
    "min": [
      0.0
    ],
    "max": [
      1.0
    ]
  },
  "annotation.moving": {
    "mean": [
      0.10543657331136738
    ],
    "std": [
      0.3071151287705053
    ],
    "min": [
      0.0
    ],
    "max": [
      1.0
    ]
  },
  "annotation.placing": {
    "mean": [
      0.0
    ],
    "std": [
      0.0
    ],
    "min": [
      0.0
    ],
    "max": [
      0.0
    ]
  },
  "annotation.idle": {
    "mean": [
      0.0
    ],
    "std": [
      0.0
    ],
    "min": [
      0.0
    ],
    "max": [
      0.0
    ]
  },
  "observation.state": {
    "mean": [
      0.0,
      0.0,
      0.0,
      0.0,
      0.0,
      0.0,
      0.0,
      0.5330184196416861,
      -0.49396654224898,
      0.8802220448812414,
      0.8333460065808934,
      -0.0026654819282119577,
      -0.5528318793258709,
      -0.003997188681738047,
      0.4962155970709342,
      -0.4952838697473487,
      0.9414286373769282,
      0.8873971239216238,
      -0.004488526558534135,
      -0.460835658733328,
      -0.006874590270796143
    ],
    "std": [
      0.0,
      0.0,
      0.0,
      0.0,
      0.0,
      0.0,
      0.0,
      3.147735208213026e-05,
      1.379847882609646e-05,
      1.9942436504814993e-05,
      3.3395873801198794e-06,
      1.9833961577153102e-05,
      4.9161179986909795e-06,
      2.196347850893087e-05,
      9.502808227081947e-05,
      3.02259995471478e-05,
      4.845243440253365e-05,
      2.3503794186782994e-06,
      1.1656174935628361e-05,
      4.493601063798404e-06,
      2.650812794564807e-05
    ],
    "min": [
      0.0,
      0.0,
      0.0,
      0.0,
      0.0,
      0.0,
      0.0,
      0.5329321434552579,
      -0.49399938845042735,
      0.8801405829715174,
      0.8333274312784912,
      -0.0027234872450750025,
      -0.552859361707833,
      -0.0040926032237881,
      0.4958976397623319,
      -0.49537600000000004,
      0.9412939261956424,
      0.8873823590705615,
      -0.004549426082806347,
      -0.4608633241024725,
      -0.006919831314357926
    ],
    "max": [
      0.0,
      0.0,
      0.0,
      0.0,
      0.0,
      0.0,
      0.0,
      0.5331338325947955,
      -0.493919,
      0.880234,
      0.8333591207841047,
      -0.0026276367266646994,
      -0.5528113526398389,
      -0.00396363933204115,
      0.4964689850994855,
      -0.4952040297882522,
      0.9414740888367813,
      0.8874036078033647,
      -0.004429288956397427,
      -0.4608227843932705,
      -0.006779293598627923
    ]
  },
  "action": {
    "mean": [
      0.0,
      0.0,
      0.0,
      0.0,
      0.0,
      0.0,
      0.0,
      0.5330183833978639,
      -0.49396652577451555,
      0.8802219888680619,
      0.8333459950487683,
      -0.002665541236284445,
      -0.5528318958003353,
      -0.0039971491430230545,
      0.49621590184852904,
      -0.49528398671604734,
      0.9414285105235508,
      0.8873971255690705,
      -0.004488515026408929,
      -0.4608356554384351,
      -0.006874547437188235
    ],
    "std": [
      0.0,
      0.0,
      0.0,
      0.0,
      0.0,
      0.0,
      0.0,
      3.149277915171953e-05,
      1.3800310212405417e-05,
      1.9956522641751434e-05,
      3.3447659168436306e-06,
      1.9847378432799147e-05,
      4.923191923011768e-06,
      2.1996161917682808e-05,
      9.514908017314887e-05,
      3.0332509232366487e-05,
      4.8476185101527904e-05,
      2.35134317541268e-06,
      1.1655206108959592e-05,
      4.495548926156426e-06,
      2.650258309028203e-05
    ],
    "min": [
      0.0,
      0.0,
      0.0,
      0.0,
      0.0,
      0.0,
      0.0,
      0.5329321434552579,
      -0.49399938845042735,
      0.8801405829715174,
      0.8333274312784912,
      -0.0027234872450750025,
      -0.552859361707833,
      -0.0040926032237881,
      0.4958976397623319,
      -0.49537600000000004,
      0.9412939261956424,
      0.8873823590705615,
      -0.004549426082806347,
      -0.4608633241024725,
      -0.006919831314357926
    ],
    "max": [
      0.0,
      0.0,
      0.0,
      0.0,
      0.0,
      0.0,
      0.0,
      0.5331338325947955,
      -0.493919,
      0.880234,
      0.8333591207841047,
      -0.0026276367266646994,
      -0.5528113526398389,
      -0.00396363933204115,
      0.4964689850994855,
      -0.4952040297882522,
      0.9414740888367813,
      0.8874036078033647,
      -0.004429288956397427,
      -0.4608227843932705,
      -0.006779293598627923
    ]
  },
  "observation.gripper.left": {
    "mean": [
      0.0
    ],
    "std": [
      0.0
    ],
    "min": [
      0.0
    ],
    "max": [
      0.0
    ]
  },
  "observation.gripper.right": {
    "mean": [
      0.0
    ],
    "std": [
      0.0
    ],
    "min": [
      0.0
    ],
    "max": [
      0.0
    ]
  }
}