{
  "index": {
    "mean": [
      310.0
    ],
    "std": [
      179.26702615558352
    ],
    "min": [
      0.0
    ],
    "max": [
      620.0
    ]
  },
  "episode_index": {
    "mean": [
      0.0
    ],
    "std": [
      0.0
    ],
    "min": [
      0.0
    ],
    "max": [
      0.0
    ]
  },
  "frame_index": {
    "mean": [
      310.0
    ],
    "std": [
      179.26702615558352
    ],
    "min": [
      0.0
    ],
    "max": [
      620.0
    ]
  },
  "timestamp": {
    "mean": [
      10.33333333644674
    ],
    "std": [
      5.975567543529819
    ],
    "min": [
      0.0
    ],
    "max": [
      20.666667938232422
    ]
  },
  "task_index": {
    "mean": [
      0.0
    ],
    "std": [
      0.0
    ],
    "min": [
      0.0
    ],
    "max": [
      0.0
    ]
  },
  "is_first": {
    "mean": [
      0.001610305958132045
    ],
    "std": [
      0.04009629500157402
    ],
    "min": [
      0.0
    ],
    "max": [
      1.0
    ]
  },
  "is_last": {
    "mean": [
      0.001610305958132045
    ],
    "std": [
      0.040096295001574016
    ],
    "min": [
      0.0
    ],
    "max": [
      1.0
    ]
  },
  "is_terminal": {
    "mean": [
      0.001610305958132045
    ],
    "std": [
      0.040096295001574016
    ],
    "min": [
      0.0
    ],
    "max": [
      1.0
    ]
  },
  "annotation.grasping": {
    "mean": [
      0.10144927536231885
    ],
    "std": [
      0.3019227051594153
    ],
    "min": [
      0.0
    ],
    "max": [
      1.0
    ]
  },
  "annotation.moving": {
    "mean": [
      0.0
    ],
    "std": [
      0.0
    ],
    "min": [
      0.0
    ],
    "max": [
      0.0
    ]
  },
  "annotation.placing": {
    "mean": [
      0.020933977455716585
    ],
    "std": [
      0.14316335440188643
    ],
    "min": [
      0.0
    ],
    "max": [
      1.0
    ]
  },
  "annotation.idle": {
    "mean": [
      0.03864734299516908
    ],
    "std": [
      0.1927530178092754
    ],
    "min": [
      0.0
    ],
    "max": [
      1.0
    ]
  },
  "observation.state": {
    "mean": [
      0.5284999012947083,
      -0.49284693598747253,
      0.8834027051925659,
      0.8562228083610535,
      -0.002235786058008671,
      -0.5164465308189392,
      -0.0030809766612946987,
      NaN,
      NaN,
      NaN,
      NaN,
      NaN,
      NaN,
      NaN,
      NaN,
      NaN,
      NaN,
      NaN,
      NaN,
      NaN,
      NaN
    ],
    "std": [
      4.8402464017271996e-05,
      4.97391120006796e-05,
      2.237891203549225e-05,
      4.624079338100273e-06,
      1.3990347724757157e-05,
      3.870466116495663e-06,
      6.3767533902137075e-06,
      NaN,
      NaN,
      NaN,
      NaN,
      NaN,
      NaN,
      NaN,
      NaN,
      NaN,
      NaN,
      NaN,
      NaN,
      NaN,
      NaN
    ],
    "min": [
      0.5284780263900757,
      -0.492997944355011,
      0.8833230137825012,
      0.8562133312225342,
      -0.0022713213693350554,
      -0.5164520144462585,
      -0.003143963171169162,
      NaN,
      NaN,
      NaN,
      NaN,
      NaN,
      NaN,
      NaN,
      NaN,
      NaN,
      NaN,
      NaN,
      NaN,
      NaN,
      NaN
    ],
    "max": [
      0.5286784172058105,
      -0.49279534816741943,
      0.8834559917449951,
      0.8562232851982117,
      -0.0021823570132255554,
      -0.5164348483085632,
      -0.0030613599810749292,
      NaN,
      NaN,
      NaN,
      NaN,
      NaN,
      NaN,
      NaN,
      NaN,
      NaN,
      NaN,
      NaN,
      NaN,
      NaN,
      NaN
    ]
  },
  "observation.gripper.left": {
    "mean": [
      10.258082389796064
    ],
    "std": [
      4.900660612332945
    ],
    "min": [
      0.29999999999999993
    ],
    "max": [
      12.7
    ]
  },
  "observation.gripper.right": {
    "mean": [
      37.84804200008917
    ],
    "std": [
      18.515449765575735
    ],
    "min": [
      0.0
    ],
    "max": [
      47.0
    ]
  }
}