segment_id,start_idx,end_idx,start_t,end_t,duration_s,label,score_mean,grip_mean,jerk_mean
0,10,24,2.4105643333333333,2.877231,0.4666666666666668,0,0.9977558500052203,0.38374313757430245,0.40629314031208597
1,28,64,3.010564333333333,4.210564333333333,1.2000000000000002,0,0.7295950419593987,0.24026196852967313,0.1924224421375354
2,71,85,4.4438976666666665,4.910564333333333,0.4666666666666668,1,1.6178695111602452,0.7719251591956614,0.6682635551638904
3,89,113,5.043897666666666,5.843897666666667,0.8000000000000007,2,1.4201358827176165,0.37858463586132496,0.7207903042975063
